Time,V1,V2,V3,V4,V5,V6,V7,V8,V9,V10,V11,V12,V13,V14,V15,V16,V17,V18,V19,V20,V21,V22,V23,V24,V25,V26,V27,V28,Amount
1.0,1.4588191358564693,-0.2314180612049924,0.24552817205616823,0.558558153281572,0.5906880448441909,-1.4089842999517348,0.8240865805442636,0.30315382837627336,-0.6352613845586089,-0.7496669509459138,-0.3340530820568454,-1.2987416866104915,1.7222673909870256,1.4861513251433442,0.45170020097593927,-0.22339841634209087,-0.19710798793739537,0.7580657061739683,1.7578268995019506,-0.5703967395967432,-1.1175860426233242,1.547640773595271,-1.7871385875844514,-1.0085308082526463,-0.24685789251085274,-1.5604334678050304,1.1121490628065982,0.8569052705051,90.23020166257854
2.0,-0.5747932272153171,1.2796141191777477,1.4492924284038262,-0.11317064829006354,-0.4506681775680075,2.259602027742478,0.721161822084155,0.2563246529688533,1.3635459466396125,0.30193063500302136,-0.5056205859191885,0.08015976048755348,1.038654287319735,-1.9921855663492136,-0.28803073943922103,1.383057398581605,-0.5118684010935176,1.5461085604314098,1.4147438193598127,-0.06552911548895132,-0.5685393048890007,-0.2873588741496345,2.6646144920014345,1.8744244469332438,0.1253909718067383,-0.6081535516204094,0.11704103558126315,0.2438269266167647,859.6337965990892
3.0,-1.243358737609354,0.08004126921526018,1.3224043248117296,-1.7993566812164732,0.8265839651372485,1.37479797005478,-0.5605573450943682,1.6941757581910564,-0.6903370624483454,0.44108266186040374,-0.3067726846636304,-0.30699635716260354,-0.6172990697580454,0.6985754808620197,0.8488054577314491,-0.06442219957718869,-1.3599682136722742,0.40317016663438976,0.4220143594106939,-0.2167150113864274,1.8672312871808086,-1.563929264900654,-2.217283710253568,-0.7308348996976709,0.7104245340914495,-1.0558446374338408,-0.9809709185260753,0.9510213361781547,311.8455600140782
4.0,0.46254792279774964,0.37706090962839983,0.7814289194655282,-0.4251929532728843,-0.3789840740581913,0.809779272561425,-1.3448867807811995,-2.1427198463985464,-0.4332841736278544,0.9308732890656916,0.25555969898680325,0.8572915041230154,-2.0162943104231656,0.3154968083234918,0.653864504642378,-1.350797422610685,0.8620575905465448,-0.11151889650579287,3.071336701606002,-2.1772360688967356,1.3691143676747508,-0.39415809652607375,-1.6171517144400436,-0.526955143564992,0.277479241337466,1.0374666695650434,1.7219642881321755,1.4218930887043426,2.448866274536027
5.0,-0.9653820207044944,1.1301646922661168,0.3912849571208737,-0.6546030209289879,-0.21191059347748104,-0.7098426594447239,0.03709234193645585,-0.7296578822941205,-1.027994073217439,0.47911912778277205,0.6287305482596371,-0.18759700009161193,1.3676513039359723,-0.26043058649511314,-0.3027745451255383,0.6604889823456973,-0.13242558494333675,0.08479772902614344,-2.520438470619065,0.016707384737974892,-1.82719593747126,-1.2209505709988706,-1.335322538755505,-1.0425831535338261,-0.548853859632253,-0.4864926155454853,0.6642752042571255,0.22238781413469702,234.92498591130192
6.0,-1.9010744288179857,0.08329463754680776,0.3182552465834273,-0.3285665162529581,-0.06088597690670255,0.1903101253970567,0.7645995976355802,-1.5748799874627346,-0.2443170386396489,1.5083360980577285,1.4166613082979562,0.85093692777578,0.536824683955676,1.6546347484020885,1.9178480016066657,-0.12907998804685242,-0.9694324432883201,-0.2702923176244952,3.0966955137720533,-1.5693563427251942,-0.4705391395294173,-1.4126911524926313,0.12476386287738533,-1.2026910288948676,-0.10875102283361787,-1.950095160018759,0.6176206650846503,1.2223452564679744,90.41114025461096
7.0,-0.383943622063459,-0.13513000707570208,-0.16340723073131225,0.18091067522502524,-0.03816958696642825,0.768116952430694,1.2330391334509456,-0.8140712224921829,-0.3093284927742968,0.9016194489247448,-1.4216690480590324,-1.97072128184557,0.22631595289847858,0.4963464110704922,-0.7223001879535923,-0.5786510541204551,-0.7601923217408988,-0.8669252393444344,0.6934958206046,-1.1804984869976387,-0.26552286143334874,-0.9053361675148525,-1.4552889759012155,0.8701781747467708,-0.5198252221735387,0.18844008042075674,-1.50807587980101,-0.7419394537564759,93.29252208924788
8.0,0.7560878806950055,2.58727145584531,-1.9762160643903117,-0.20110779528942632,0.4122805981435,-0.6161001532392837,0.849521986994124,-0.8667326706603131,0.1538476602166413,-0.5220719044983598,1.2194310829547725,-0.6763645030356056,-0.3518737962865159,0.9456890374971552,-1.0280386590928636,0.06875005676357226,-1.8225343436866017,-1.0879334586290748,0.38213127589080353,-0.9906975095362324,-0.5445729318237914,0.4930864020479375,-0.5791861411469302,0.8228420732163579,0.21566278748606432,0.43568311192450304,1.2409655987385322,0.31982306261406573,693.1428984084489
9.0,1.538847290469344,0.9112622830378235,-0.5234524298344567,1.2931480750212714,0.2638660209029454,-0.39467970866050367,0.27838569532088264,1.1123268243902629,0.45504509424222184,1.8223928325513976,1.086530557898822,0.5231600334021624,-1.0260680827411577,-0.17973251401012086,0.0716641397508513,0.6966315012177466,0.6373330412721927,0.16954041021828617,0.12034991537717118,0.7204568950760699,-0.8585862256299859,1.6955158192498565,-2.0471668851634712,1.4554094821720291,-0.045185528425162054,1.0025798142715938,0.36384043429261276,0.3460344109108019,214.76235930342574
10.0,0.5542544760265209,0.8090542890877784,-0.32883082658723994,1.034799130526236,-1.0844706235787835,-0.0053305733261247,0.8359699242722769,0.9950175796158893,0.46078884826140104,-0.3933924379557356,0.8967077783687035,-0.6693662391187534,1.751409073748911,-0.0846708974996642,-1.5396256942059605,-1.194683468016552,0.04364363687958753,0.13982527132605319,1.9696566849510957,-1.0384993376142264,0.03946219930393072,-1.0594214070820567,-0.4926548532134034,1.683972030069338,-1.1363362231559908,0.5870424240678338,0.3929073590143916,-0.02417142635820863,934.8076206140055
11.0,0.5194366231917376,-1.1600203819432886,1.6563225078035575,1.924845495123521,0.047104697759313356,2.423106130613554,-0.39902793154992044,0.40043199385628025,1.4318890637745134,-0.4590044602229095,-1.3815490588794384,-1.611717065618854,2.060826563902659,-0.5290246506387777,-0.18573676341849865,-1.1127640783210544,0.9483392793291884,-0.7815598592245849,-0.4912630276613219,0.2995204194161605,-1.0640459272455725,-0.17858226951422537,1.4022095895032698,0.42825439751686323,0.13054229242835844,0.21486470946386504,-0.38913509597656376,1.9961523197549256,516.9281020447127
12.0,-0.8121571305340674,0.2109261619639301,0.11502556634280714,1.0087625071331352,1.1031739387936397,-0.032018804487070805,0.2906664931130496,0.32853475391394826,-2.272141655570607,-1.5889896024777754,-0.6050636907219706,-0.5615986763768689,-1.1992824219641323,0.7495825713736299,0.0021184210174724715,-0.21469454738683721,-1.2561552745073867,-0.04454486424478854,-2.6266847559986117,-0.16295631080584103,0.06318366880775604,0.24191498432149858,-1.56410176347928,0.22481673669147476,-1.0414312698645425,-0.8124698322923339,0.7179313858226648,2.014113723359744,460.6381596969636
13.0,0.05135875880268002,-0.8170954586402323,0.1886704475099986,0.9390291574991458,0.6209975658727355,2.743112872463746,-0.7153375690946667,0.25223147991929806,1.5489179534182036,1.4861592370185321,-1.9500779265243806,-0.0033576200399812245,1.4845207658486996,2.8906429903991375,0.7037958837508185,-0.3678632936964837,-1.00920315243739,2.2187433575308493,0.7287415864657592,-0.8480669268854175,-0.20315636633378137,0.3101865168287043,0.5438066538881178,-0.89961865754579,-0.6141904181254927,-1.6529345623729599,1.0397622896047818,-0.3416184667703161,434.8492347019315
14.0,0.4663216491832921,1.4222585085763269,0.21987014237394562,-0.11297047594906802,0.1939214768839347,0.06319360385022701,1.2461649978779448,0.3108383975387898,-0.5444010195789126,1.0478490568897503,1.230484356358352,-1.3383306268204636,1.5327838847681055,0.36471177320848547,0.28326995014659845,1.0066246315965148,-0.5669763910042788,0.954164514190924,-0.3767754697378553,-1.4749506797103382,-0.9977562791069343,0.5670218329032267,-0.9454683399946582,1.6100761231896492,1.189283453439643,1.3334391660329652,0.12477857967741192,0.2578616172949595,692.8950520319602
15.0,-1.1937118542442775,0.9957835101574903,0.3798334550370854,0.5673056252922603,1.688311811452882,-0.60596298394751,-0.12614154987731818,0.32667092154216776,-0.9354354054587067,-0.18759882127683974,0.49294981046696934,-0.32542127137283106,1.3089894097291122,-1.510924561816994,1.1227712402333418,0.6611854748160046,-0.5688285875565908,-0.9244085682299981,-2.080282617242452,-0.795175012413834,1.0471766550029968,-0.05608572627867428,1.1629808803918416,-0.619871070624552,0.7071061601065628,-0.7174986020844216,-0.9655750062098389,-0.10712721717067626,452.8104997610848
16.0,-0.6649665113199965,-1.5428221490372125,-0.18231470071699332,0.10643541643128884,1.2683586114960674,0.9368056771330601,1.2199431992328313,0.7203574983935084,0.3326127589499748,-1.2289449064718925,0.14987219793527462,0.5967937773308145,1.4574379493704361,0.6862885417318136,1.2403834346054217,-1.031997891365239,-0.32641762614809505,0.4293507136612708,1.1609526907425614,-0.14522864583891965,-0.08244595914915345,0.6871403060029787,-1.1258708271451243,1.607404549823429,-0.8791360931076848,-1.918589423559303,0.0100670085225806,1.698458702375565,129.47175586896665
17.0,0.5864531303336101,0.751090543003633,0.041385762307114465,-0.15237749727117775,-1.5449093695931155,-2.259386257904186,0.19627233844086328,1.312549194340226,0.34413370482806543,0.6235995270520134,1.5837175456395398,0.32876685144105805,-0.12265510030761956,-0.8185248056500652,2.022212562972086,0.5265477791536803,-0.9436017159193308,-1.1711676678012368,1.2530637269289127,-1.0374416964083255,1.853834157502221,-2.756462797090711,1.4225951977899767,0.48689481116196437,0.11859442305687436,-0.17545843504176337,1.8907298485940296,0.7070588584012034,880.2920084601158
18.0,-0.9032036088954514,-1.7189099560288814,0.1772972131473084,-0.0010711335374141854,-1.5198680373755091,-0.055393525482335705,-0.5739346330742002,0.009290068306694576,0.7259236116484019,1.4926099474640355,0.9088890363692873,-0.7214407498302056,0.3689151288291944,0.06310712149202398,-1.3321289546309008,0.3982327846922723,1.856672337917714,0.03242660418700401,-1.5941826797254006,0.030268671108619073,-1.2137121989732502,0.8636055068862878,0.5248649917251288,-0.17091005347474328,-0.3311642658558212,-0.2122343016155467,0.008274494342320362,-0.7722350213415419,428.96695357673303
19.0,-1.387753081001437,1.138698946694648,-0.3854009764969582,0.16704310416914414,0.2852819511674943,0.3220204796552139,-1.1738179970984242,-1.6758401645518477,-0.5886925246919921,0.3957115324169533,-0.727949867474313,-0.3549213536992336,2.1272974137495684,-1.8454238848045357,-0.7550339959104986,1.8966040685739283,-0.04459867199522342,-0.7059851654989105,1.1687689170111202,0.05523043648111129,-0.348308395044006,0.1923689270375111,-0.6581088093827661,-1.0174910628880782,-0.11359692763474832,-1.010996960076007,0.01069331179648031,0.3544065674743389,74.93057112380298
20.0,0.8530604560516108,1.1279249855168274,-0.40573650163225167,0.49941460793906933,0.4925234462063564,0.3278187158159839,-0.47945941095045846,-1.0280678124641107,0.5020018890665597,-1.70686256219305,-0.26783943256831116,-2.5536310156485977,-1.3364024233582634,-0.8771339384474245,1.0967242076292842,0.6881080244042689,-0.5539346838422423,0.7293697951297508,0.8876229633803967,-0.16066484837472153,-1.3843781442136902,-0.20791231006611424,-0.09789240517213632,-1.232454390830226,0.3670467929299679,0.27981185430235533,0.44504269989418677,0.27892309716744346,529.8366215102633
21.0,0.729843035114983,-0.17932802787303154,0.20178510737095343,-0.39774028424553226,-0.5844992156219503,1.3382496307620757,-2.0437687015264965,0.8767599891542641,-0.6205408754456606,-0.750038177643121,0.26157748406540704,-1.4896096123510028,-0.816023071946203,-0.849139646512992,-0.2213982581850948,-0.8041376881606882,1.6011186856392685,1.797016516497954,-2.021993522748063,0.5443227047657363,0.8586634390775747,0.5429852023911051,-0.6581134930916945,-0.24409556215854147,-0.7482746547776955,-0.4202640311588286,-1.2099650286671761,-0.1147888216345503,647.6995115972477
22.0,-1.5028017113050698,-0.20013455422813764,-1.2485816890997645,0.20681636179140384,-0.6794195609428907,0.2905803478745374,1.081580728364782,1.589446936104708,-2.5280045890204903,-0.8341940938737827,-0.30308607711201396,0.46032781838148307,-1.6503545041545293,-0.9820924068002156,0.13035720265710996,0.08488824152666716,0.377618406420093,0.4436757268881162,0.3385944331158625,0.19365531663149269,0.055739773326367856,0.6647630897243628,-2.239322666564225,1.5443334869712346,-2.204482050880324,-1.079161816904492,-0.22676079665014462,0.6726128910898422,276.3068816936008
23.0,-2.9952668907996163,-0.0281243239418344,0.7923950394157345,0.994518116028477,-0.6973296584974588,-0.30083528695503226,-0.616148128892628,-0.3926746535260845,-1.031826550728435,-0.889252162470918,0.434376922028368,0.13161537327274178,0.4915865075904735,0.2140143897008368,0.7043386011475956,0.8782139981549947,-1.741716619866104,-0.8543096504143626,-0.2313759574900389,-0.022677525487341064,-0.6700905738180335,0.9120236709883057,1.9799483682905985,0.186161955581734,0.08434103219821125,0.8494562551043311,-1.865839755203436,0.028468940438410424,800.5400672661684
24.0,0.9790358254675168,-0.6431539972011118,-1.2265605799019654,-0.1858056100997783,-0.06068543320192063,-0.9086522819154584,2.096161276050951,-0.47869638100794565,-1.1536593514265687,-0.09362131907061147,0.9078606377044912,0.017414248998230967,0.4855939200440023,-0.8715105943331573,1.4876884464035136,0.5617110279184433,1.0477015688776097,0.36516063247516933,0.8248840377287843,-0.8730525596772274,-0.4914104166895625,1.34648059555603,1.5597419472839638,-1.1470655997190768,0.24973606786381217,-0.4309438004852274,-0.6970314693648616,0.28483969535544995,670.1060701913264
25.0,1.140962932365408,0.45166247328419384,-0.319512449919035,0.51486117993516,-0.35997617358090106,0.4121143007306019,1.3964657004557333,-2.0771596593008277,0.7972522985400335,-1.5390549215704685,1.2283277105444614,-0.6370256098728607,-1.217671377606484,0.6952692270887474,0.36417006314241074,-0.9991869029616581,-1.2529997571683937,-0.18748148749128224,-1.2040869501711966,-1.0614729729236276,0.11562079042143356,-0.9658716342550967,0.42653929002654295,1.490143595883477,-0.14855541490058238,0.13015106198558457,2.018096732835487,-1.1876011173773469,650.690828095169
26.0,1.1912351951807418,1.0708575979124821,0.8543173391737832,1.2917478507326312,0.280574965958619,-0.5829294955992675,1.0945732912205675,1.132842211712895,1.1053139014932878,0.04450208231923648,-0.7161945136133265,0.19136225411161115,0.942230017567836,1.0243517898599654,-0.42967612707459496,0.31537289612739006,-1.308778304485956,0.9849501030058511,-0.7833087567250638,0.7852553595715476,-1.1493045773901618,1.0314159064340078,0.32183519002277056,-0.7813576956169465,0.6913563810805253,-0.5903616918053307,0.7495550374451283,-0.27411147538072145,421.4041279149264
27.0,-1.7210471256296629,-0.982416240480937,-0.4304147086872844,1.3681890237485779,0.9011436305292249,1.623861412322142,1.6536352160298582,-0.534750804590915,-0.18848685975882942,-0.4112799243305384,-0.6715106053010765,-1.8414947093364584,-0.014747718016842406,-1.2855655937111103,-0.03417188153432739,2.1157708095629846,-0.5093450963307088,0.19477400562806732,0.9066483858092831,0.28029129196590696,0.292484187942296,-0.3624024336880802,-0.2318779750612327,-0.9600105221878286,0.8460450088894076,-1.7414916566140959,0.9710883383822022,-1.4036983847452424,961.9533861098765
28.0,0.9626072740766523,-0.3538175262121811,-1.2318686881330803,0.5792986450796365,0.9287675350757748,-0.43807864810353686,0.7206105486789333,-2.2850844946693503,-1.3205962897466006,1.2924089304687292,-0.22366927419791616,-1.8622133264488476,-0.6988661804419937,-0.9234004725250807,-0.16596173147292473,-0.37075098380764737,0.1789317289381608,-0.0694660516125747,1.3597392550370186,0.4245485997196691,0.457671611193586,1.1651571238945215,-0.38876875042958176,-1.2618774433584852,1.2069703246322492,0.13584174810811248,0.13935120789892844,-0.6333299215302364,274.9149787812984
29.0,-0.6168553331035775,0.8467223387708438,0.9846557981376104,0.7838234057466585,0.792961605445475,0.5690295372597589,0.13152273007815626,-0.17537968432098017,1.2103238499415532,-0.3737208704904336,0.36997921388074695,-0.8040129979542465,-0.6592990368504504,-0.2361545678572265,-0.8039383767271636,0.7978518254783004,-1.3480342515450294,0.09922962338107293,0.1325080968421812,-1.8107995783196809,-0.4410238205236087,0.2556995380481427,0.42872799329406813,-0.20430720860016585,0.6768882044807154,-0.10931625723604081,0.013652912075056728,0.2516538689865537,578.1277955144371
30.0,0.9269996287341687,-0.6757180024155319,-0.48682187251829767,-0.668896491729215,-0.33219771614193333,1.4262342580797647,0.5727253193298222,-1.131089745168842,-0.6004469655886748,0.3727672242764023,-0.9065077809327704,-0.7253400408147569,1.3449596661741487,-0.6133756284731867,0.9546668160293867,1.2553231895309385,-0.7334620911689643,-0.8899625565571414,-0.276132086481165,-1.0886277206736248,0.1210338785027424,-0.20565191185338647,0.36058001588630156,1.3969434562328211,0.8174849807703192,0.48923977541235625,-1.966048412967918,0.44337598210237517,309.746102315145
31.0,1.7226276607045492,-3.0105225163135167,0.6893825429756253,-0.15935857475646428,-0.8497950030229446,0.8011285839119535,1.7097059006073305,0.7752307288377537,-0.3711919512615264,-0.9434698244081563,0.14462763378954377,0.8731692923815881,-0.3870530262337276,-0.2903829916507967,2.8220002498383985,1.078651945959726,1.1501286783936322,-1.460285906058812,-0.7071886792934604,0.07468163945423903,-1.0011375578851496,1.6003972988892943,1.4103123065906455,-0.5335453373840539,1.7839186066074848,-0.004252096719942134,2.5893897173890488,0.14468613052503645,745.0599482185825
32.0,0.576192750328422,1.3999034411695586,1.2776333498078092,0.5107320661358935,-0.14114031944383582,0.5141326999931192,-0.816184171876115,0.15213371886411586,-1.1093075324979949,-1.7808816400803014,0.05042676413944306,1.2622778906716723,0.9258046415960592,-0.08191229572560826,1.7469896981754969,-0.5690613908465738,-1.9178326617980228,-2.1821012942009617,-1.181190940595717,0.8166247432622288,-0.6348026834673862,0.46095864185730195,1.6462833835839772,-1.100096962577806,0.47849973179588984,0.5389630726557222,-0.8607379884731032,1.3542109252450831,48.74369238625132
33.0,-0.28770705554947656,-0.3837529809130093,2.111613218417973,0.5227667423667182,0.9252905496854981,1.3548929315218388,-0.6504739994592169,1.2498210970536792,-0.50189411499767,-0.5446233893382973,-0.27199997230813616,-0.6220648349449548,0.8221564326571629,0.2672106551450557,-0.491224414617113,0.674505033154822,-0.275182437386346,-0.3280703703646766,0.04868388490154364,0.4634603556662172,0.3898476493774196,-0.3632491822528304,0.8471112074394023,-0.22239415107965607,-0.654984488608719,-1.4680216487673514,0.9831784809990213,0.012390076194007553,46.84797400717418
34.0,0.21087235851051483,1.045802915699516,-0.47740623159781603,-1.3743992484741285,0.06978070221521851,0.3079615520802954,-0.2628490661603728,1.473737578076169,-2.4861665677213565,1.120056637899783,0.7911536503642258,0.4567707777004593,-3.3359015494690962,1.2838887832702683,-1.0264341106358854,-0.5076919783833869,-0.17059266479006882,0.40741803465197535,0.6394280421925499,0.8928405543192964,0.8158535100785161,0.25292720421312587,0.41592265905759085,-1.0907537158222467,-0.7510268068190222,0.8954602236748322,0.8372094867286812,0.7237994164444209,811.0501085492726
35.0,-0.5144167616565275,0.9104921319436957,-1.161244452480358,1.077359809862273,-0.2608708012458901,1.6841704063406322,-1.521442092065485,1.7634040459185218,-0.36146432916346183,-0.3794792560117442,0.1948388189855969,-0.6970789128006968,-0.07232900130230689,-0.7376262652708545,-0.701063530979187,0.48688595030057186,-0.901565495303516,-0.7681942350054822,-1.372791249746409,-0.5039306799613394,1.311602029723922,-0.8459336401029685,-0.7316332651872415,0.1939219464815356,-0.37079643379952637,2.2281544333496495,-0.16252796467625671,0.33521834621737173,434.8338929026074
36.0,0.943768784799322,0.9245778658628506,0.23328758155737903,-0.161127486686001,2.024028536379257,-0.09976027531426664,-0.4416901044284806,-0.6458489882940185,-1.726803202706756,0.8216157522371632,-2.3480683971008265,-0.005722840904920714,-0.20486063427138504,2.239965192231448,-1.8316512287136264,-0.901103286984357,-0.13609645868164963,-0.1975293374691687,-0.5495445908100448,-0.0809879094021674,-1.2595627288697413,0.357192878994939,-2.3214853420775783,-0.02576935587725707,-0.6003566942635733,1.0162879427566356,1.7553110706333046,-0.3310521687503577,341.83887454575535
37.0,1.390725929141431,-0.31611628063041075,-0.9661265231290901,1.7459036321856196,0.5207764447340067,0.004438522609814357,0.6871774750986485,0.2742150351301673,-0.06921940794151801,-1.3264348273079964,-0.2705367371612667,0.6232554234584727,-0.12277142568681056,0.9023257611303859,0.38365502386678896,-0.8781363180854069,-1.3191719578321237,-0.15717849993016805,-0.5242284481045876,0.3363218096216861,-0.7181376587627298,-0.6153923257548771,1.0530697175949124,0.14820296862789786,-0.7027270654272929,0.017641808735019672,1.3789112430016826,0.29378668827472265,607.9193353131632
38.0,0.5929508094251296,-0.7522345365274425,1.0264193771346004,2.3181022604638017,-0.7914676425128534,-1.1818939743719892,0.17554224383514822,0.8755050498444104,-0.09138967205026136,-1.0532063960426628,-0.10858416178038999,0.5980922727774546,-0.4070318269460593,0.6072550177549216,1.1647107852399101,0.24023062577044763,-0.02794777127829265,0.8293439252262819,-0.8561008274372303,-0.9547098336929224,-0.2665722849289853,-0.4918794548144672,-0.8033419752904754,1.8304684749987743,2.1719932094942913,-0.35370504225558225,0.09171894974836545,-0.18784282006379097,702.1974445251046
39.0,1.1074992401181563,1.305645561840047,-1.7772637986896467,0.4760108000656256,-1.3068213411611485,1.7582721578752782,0.4402480302103979,-0.8233495383626358,-0.24132138793785318,-0.2889772582661584,0.5251129428858157,1.0419126041774782,-1.14820729197171,1.8387545009121138,1.6056901078208434,-0.8753235675910453,0.0728017943623093,1.7108085441143155,1.232918586677483,-0.33674303004789563,0.8143398145678733,2.9971982917191387,0.1051599818512121,-0.6326482514400192,0.1724198520913992,0.24655209549731796,-0.5245367390000981,0.44162506781421695,202.0001454975622
40.0,-1.2544010597275013,-0.6655338670086792,0.7582447761547977,-1.7548708515422513,0.9031675919947765,-2.011981365705703,-1.731324578876315,-0.4989787430558854,0.28686384281935035,1.3252636031273883,0.05762276315959555,-0.24655360757598987,0.5795812479848041,-0.8708988204679343,0.1394151593464063,-1.19944625795536,0.08259051687541312,-0.12983632584940336,-0.8042679214494173,0.16504063653773915,0.1585496531596428,1.1754540123391348,-1.6056334030627877,-0.0760489076970426,-0.7602623997034793,0.8697620581762918,0.7539120651921329,0.507879845068621,186.2458101633268
41.0,-0.7038332580694631,0.8854705829400954,-1.5301309287433318,-1.7353107035927715,-1.275870999901924,-0.03347481032690589,0.6751644009882938,-2.9760324740095245,1.3227428318797865,0.1311121961784342,-1.5677723475897751,0.10094697028958102,1.0925254146784196,0.5994410153062589,1.099073062553966,-1.366246629397111,-0.4140052351384046,-0.9246922305235321,1.717580205044318,0.63936284348663,2.847009588957641,-0.46760953341722744,-0.7246742116823047,-0.14282663859515055,1.378357221422549,-0.36611968937534733,0.12443759790694367,0.09669070288681912,958.1925970121216
42.0,0.03949676120218946,-0.652398460462478,-0.13729106791036658,-0.18010260135135786,-0.007564659674649148,0.9435168181527083,1.7606280346244925,-0.8404347626697068,-0.39199362478771504,-0.8250118984061866,0.18710153722227268,-0.5383494575109768,0.2397968337419887,1.103626910444787,-2.5258316858046084,0.4917798896006909,-0.4601870488978789,0.46042226798438896,-0.8964694377502004,1.196260988306875,0.9132806180402842,0.5683521485426429,0.7932257178100984,-0.7456204671721736,-0.6196237546892899,0.7524362008174793,-0.767729142768612,1.445635046658087,590.0746420781848
43.0,-0.3235910712810315,0.5018943898606217,2.09924951925509,-0.7062233540680766,0.0687617508447828,1.0541831646373077,0.9512773888765313,-0.3278153102393581,-0.516730437521854,-0.23313593254505174,1.4478577661513639,-0.27910585635994656,0.07811569248346499,-0.4267864709234251,0.7055485647959867,0.15552503758365635,-1.0034338107582292,-0.9688241140349945,-1.998605566555507,-0.8313214091256161,0.7939458036321722,1.323760538012268,0.685558363217184,0.5546322006406813,-0.12652604952864957,0.774914554913987,0.2862782230818843,1.8044489719871246,390.72636081697385
44.0,-0.09844531417674844,1.343008083736131,0.8741140818178601,0.7354432862041588,-2.01149132546182,0.9291895615477108,-0.12750797890915327,-0.4439264944348915,-1.4829130411779132,-0.005587133968183114,0.03355159681824261,-1.3030019218148046,-1.473280172893692,0.4866194801281112,0.871705131061377,0.19028290992242175,1.1508346496843629,-0.0863849843514986,-0.05435127440020238,-0.9170280287407906,-1.5602419775537173,1.8546621338595848,1.1312990502497464,-1.3925125671384784,0.15575190783128046,-0.10004631110366666,-0.27399247316304337,-0.4090178478149397,801.6402529748369
45.0,0.38126914696797887,0.8181755254714744,0.40239116902820543,-0.12051837437919372,-0.15722671689112,0.9368143169226666,0.4634449381160623,0.07268946303543318,-0.03590129760010782,0.34527050961228883,-0.46834868855944944,0.8215388173082104,-1.0758585618378669,-0.41145650976648196,0.611106095446024,-1.1328828133542732,-1.5730085426495004,0.0630776754292401,-1.6964581544464707,-1.2988035540518614,0.7565941185064321,-0.20478525760573577,1.2854869497089856,-1.204814340937455,-0.09395236563228432,0.399584553207759,-1.1705149301289088,1.0317619044996247,525.6337998191393
46.0,0.5106788831660388,-1.609287086687434,-0.037741796208600506,0.38595673625863275,-0.5900566735280575,-1.4798649055088138,0.27845878944741026,2.2112429502825615,-0.38698409915769044,1.5692411812847087,-0.7522888217614683,0.21554563500995175,0.7715225308761193,-0.008413665971365013,-0.29773564888123116,0.7261275213503737,1.8914551152692207,0.3005869246391313,-0.5160601765303474,-0.189751557259683,2.5197076456453744,0.13490711633812782,-0.5944136985779728,-1.14506791648254,-1.8259010941126057,0.36358427384619,0.6546419928245036,-0.39669617996520684,242.4211475642068
47.0,-0.014970418030954094,-1.1704617092886238,0.13292846482750106,0.4814953205671245,-0.5351642671676379,1.6904526695858397,-0.8371063267469117,0.28347660401898234,0.8483172197046055,-0.07728950014938255,-0.18847681889449142,-1.4288661504496623,1.3573414957162835,-0.1698932016675959,0.5373654249348249,0.6727204878601408,-0.6282984920177531,-0.1975286042912149,1.3344823507435037,-1.117197665740445,2.1279180747572566,-0.744872785276274,-1.1795174566405118,0.1323090206885346,2.2083482643398704,-1.9109659355922048,-0.14101571848969216,0.4762650172565557,207.52857033593224
48.0,0.03364995853553139,0.38192167000300986,-0.7180330821722741,-0.599721845931381,-0.14842264715919978,-1.129888087902751,-0.044686401440189545,-0.3887452936715014,-0.4700451851548684,0.32050641259863766,-1.8206594931993039,-0.22909010338315364,2.317353765614861,-1.086109686325625,1.2855004964844134,0.05465612091269875,-0.6029578088814183,-1.3206416595298067,0.1396819652852321,1.4533971058146764,-0.3892111451967638,-0.08096142473677351,1.010370850190332,0.34087079134628084,-1.5722757797245785,0.09888721585518365,1.5122349106655983,-0.03694118646749832,397.46240690365187
49.0,-2.741489429477377,0.388214991591073,-0.19845643954403597,-1.8290944139212169,-1.6792080900537842,0.9751071432888088,-0.73238274559508,-0.9074963807359919,-0.035638560931668735,-0.6442029983199388,0.10004862777774493,-0.2027200294366699,-1.199995580093643,-0.5111977985613847,0.4427533213091045,0.04191804023862554,-0.08194248239183136,1.9373842411793845,0.7310375253855356,0.8524412648213425,-0.16596840779492483,0.22014519035127497,-0.4310999895256928,0.7775497655241282,-0.11039990409904325,0.22237774893055606,0.16061130215516814,-0.018166881405454506,860.0359643996197
50.0,2.93818806715577,-0.6666192774947225,-0.6757115301586923,0.6940967468117569,-0.5951689990751792,-0.2914063613488932,-1.086410953355618,0.4915579194025869,0.5042572444841515,-0.3151920599234445,0.7148166884800725,-1.8581250137335916,-0.7068534015143436,-0.1699791862109306,-1.1722824969029528,-1.748713037418722,-0.30789596503844696,0.6940200870607417,1.2821083914265121,-0.5472878832053729,0.7332158376215936,0.6365420380756676,1.2186081743344965,-0.3501910303540016,-1.7985004951846741,0.07018585242274462,-1.013793740969723,-0.7235051090620076,62.38646812821466
51.0,-0.3012191440531826,-0.3389276313491431,0.14155926689579443,0.7031563164196175,-0.3677355832759664,0.3956975066080047,0.014816009930505376,0.935494395878445,-0.18859185110631663,-0.07892667577455567,-0.37440044799890676,-0.16224853995849545,-0.7834881283458741,-0.8825972861435133,0.775765385282725,-1.0832016831846014,-0.31911808969790334,1.015342786270996,-0.3527007950036072,0.828740453685575,-0.5910457207268417,-1.051163606350194,-1.5948258549008207,1.3127240692726614,-1.1368711816344155,0.7471865901250933,-0.9999470267933823,1.3173839179398212,219.30747475400838
52.0,2.2067827246151004,-1.6865300596903368,-1.0847564341588138,0.7731318638032247,0.5130429233658149,0.7769218547601916,-0.5737555504043761,1.9875341610233674,0.11804946668977435,-1.2169625768435195,-0.2531485000429449,-1.2035668962288326,1.590941358554105,-0.6603312628001163,0.49248348474462245,-0.4706731449821804,-0.6153873097625132,-1.9102541812810507,0.5981746029905671,1.299181252629184,-0.9159675813651519,-1.5452291149986717,0.8033160427378291,-1.646241349106251,1.219532935948259,-0.9043951229546205,-1.1032927428246264,0.24846242113129152,893.2586670337388
53.0,-1.0381392850114377,-0.7071110812932094,0.3539819326710066,-2.429112337166646,1.6424192459283222,0.043640132465737946,-1.292966012403528,-1.0172453692868415,0.9916463782608022,0.6010529350741034,1.3867806572852113,-0.6827428448042349,0.29658383715080283,0.4265679117836776,0.6952675002522368,1.1272811234320694,-0.7172639058443472,-0.11417026776048074,-0.6101497455801451,-0.052611873356375655,0.6984327820629752,-1.6540355002607023,1.1093715694592854,-1.1391821242637497,-0.3073703196972314,1.2439419249661245,0.3280097179834051,0.3395299482636596,122.61283440028124
54.0,-1.1806260452951107,-1.0440859358238408,0.9412563966689189,-0.5891435454843897,-0.4949118732998493,0.9639512510547117,-1.0499135453695274,0.269235132886258,0.04290732616769143,-0.002685725863242228,-0.5184356318775039,-0.5798551814633284,-1.0783641637948653,0.48266502604130657,-0.6681491915167361,0.9687446211672515,-0.22455504159065295,-1.0584504894210378,-0.2378138821484205,-0.41085719913647417,1.0091034117280526,-0.3690001892515323,-0.2762103812003258,1.4115467054924355,0.508267321463349,1.6627060160034965,1.259045004063905,-0.8871625883628546,629.9960925459042
55.0,0.9899508544001078,1.5253032920745915,1.5328131323234198,0.9880959835766874,0.9675229949091757,-0.30266104367554975,-0.8373820843495747,-0.3522173188974568,-1.6647890014327629,1.3427953154217054,-0.2832929594177121,1.29133072906496,-1.2314995772215995,1.0826249210022105,-0.4948806581793196,-1.2843694083091741,1.6271180521597577,1.1073116693407743,0.21179242018578426,0.033937885134963125,0.4395100188191182,0.19462857791741106,-0.7922759541714712,-0.41205226978492193,1.9607178320387029,2.672156742628014,1.562668505230683,0.4782239401626234,214.2978567529041
56.0,-0.337749032701935,-0.798185893896966,-0.7322824104302025,-0.5532676586867606,2.1511640414257696,1.8062822963825986,0.7462783899353939,-0.9606131764128261,0.8930559267110364,-0.23861702851060518,-2.1530094386441214,0.28710063740125935,-0.8419130408340553,-0.8080534290900372,-0.2504079935680075,-0.4983229729424129,-0.034256819104007526,-0.08233055001720413,-1.8758090928476314,1.520277988882833,-0.9833767229486796,-0.9523983851304729,-0.3285532517902972,-0.1083348473692941,1.4589798168318389,0.2694234520549011,0.5664654841095343,0.2745361875832817,606.2609806643765
57.0,0.23146158249877297,0.3097295030870087,-1.9327341425689386,-0.24991848483952864,1.1622611105711573,3.9423310108066856,-1.20430893253951,0.4230799603243528,-0.5710465778743418,2.04765190389685,-1.3537827607914814,0.6249394903158797,-1.40721109950419,-0.31856666806083256,-0.034313330749808996,1.0696916817396078,-1.0771668261585279,0.6633830488473854,0.01877772338794696,0.2727933862859796,0.9583327146851411,-1.2825566930052876,0.8105949731485923,-0.5689048530894247,1.0958734549768259,0.3345576345378801,-0.20952838151705544,-0.5900259690908214,383.72106267738786
58.0,0.8232949943553307,1.2609516854809275,-0.5328515408601846,-1.133006565781397,0.6942110429452255,-1.4485309420337003,-1.3055124375829716,-1.0627002755278991,-0.4154504830387496,-1.3363318892154452,-1.9387999093815775,-1.1354441943371232,0.6424744465726187,-1.2715440721267672,-0.34026967795417,1.946698462365562,-0.04917413002709046,0.34253098972959317,-0.9460400182515529,2.1634748537001416,-0.5412944891384287,-0.22810468445151663,1.3170586779673645,-0.18173424485361891,0.047888782675214944,-0.28168832078912964,-0.27483237805722727,0.3705020108280917,102.57521953456087
59.0,0.5529431891981056,-0.6432484312125671,-0.7660804561469297,-0.6091360888575632,-1.4012540141997682,-1.5904302585192973,0.29716714722490767,0.9385958031751123,0.8710452931452174,-2.3819912731366584,-0.2450650870432607,-1.1020919555925588,0.1437374378208568,-0.4178235188093809,0.5919119062445883,-0.019153090401341374,-1.8960018949178892,-0.9670858727995406,0.005785114826653559,0.09011042923108632,-1.405676807704002,-1.536459703546122,0.05624533757317886,-1.4036673060505274,-1.6686294265007857,-0.4451405126313417,-0.4884460913386509,-0.8784004773393012,582.8925924865523
60.0,-0.7037369567249628,0.013835723222394625,-0.7201629036798193,0.07069702166483936,-0.38046853611733444,0.1676501553866558,0.8782055654366451,0.8392478453905953,1.2882104710660833,0.8381468968971604,0.2385575315418043,-0.4334316376401446,-0.38776092281622393,-0.87777730643581,0.004529291051558021,0.6973874787119347,-0.7256676028830206,-0.037217858663773945,-0.6773622287217693,0.20935433018761473,-0.5493833839499503,-0.7395105712940528,-0.6799666949320253,0.5033287738455666,-0.0967494053303549,-0.4284217300000358,0.26140450254721065,-0.41451621746765044,683.3597043375014
61.0,1.1265178936857032,-0.9738661536932566,-0.1869715128172817,-1.4047652216670008,-0.3468743918900939,-1.6796354977066301,0.7463165225591263,0.7665037670055789,0.7841701737244763,0.028872480174467825,-0.879870404710092,-0.8003406320359496,1.530172055220521,1.4356771037997964,0.12255515695077152,-0.5156340340803272,1.3686234226985106,-0.6945031613848099,0.22884920809590747,1.3519573053984584,-0.8363384996646277,0.8292235856371121,0.5205607958438698,-0.03951654223156102,-0.9934335991331159,-0.7244397601032759,0.28945107285065863,-1.4233367948813866,680.5923463468371
62.0,0.13074385901824978,0.5410509840616632,0.9852201728091007,-1.3983570744602225,1.3162472971612738,1.6953634941799354,0.41015156771359396,-1.0380485814246605,-0.32810928836024106,-0.047597245118507034,0.27046350873055675,0.02198155264360243,0.2811651428946169,-0.09074675733912281,0.2651070945122431,-0.46052342116131384,-0.3381867169824685,-0.5760251704766678,1.9172595345040717,1.4639007861743227,0.5552941900136158,1.3253089972677385,0.7984613389778825,0.1812711595140552,-1.5055713410196836,-0.26216392012514006,-0.3350378920183519,-1.1330751730921569,637.3973746636369
63.0,-1.486162274606616,0.4927193465670251,0.32450432237081295,-1.167396980067612,-0.7458785064361892,1.1612222731541633,-0.8776965135165605,0.1707989039338024,-0.18977829956798103,0.5063634710620628,-0.8561076526564303,0.09008347754010702,0.1687225773458775,0.23018080622922002,0.07907385796261313,0.3446093205941098,2.191770332050811,2.561297776771106,-0.6392161407867218,-2.318242980352499,0.5954953007219735,0.1862524599012663,1.0610418591835804,0.28488589971531725,0.05860393952571909,1.1289065958772224,1.2687805884138421,-1.3865600587809985,500.72455615461024
64.0,-0.8166061871395836,-0.10559295928867828,0.09843762392458348,-0.22598320335224828,0.4342071778618859,0.9961047893171002,1.722709710720728,0.5789130237728995,-0.8523336784531098,-0.14737622519781826,-0.07535224125955699,0.5146402399811593,0.3881680334339422,2.0503966511115093,-0.4615131352549086,0.3847505337668034,2.354711397744092,-0.5852068969036013,0.1451486961703552,-0.9448805011240154,0.08208689962743151,-0.7802171481376415,1.0468009034913464,0.14731885903139533,-0.9353972599822935,0.8405676977916716,0.17966603887158733,0.9528187772234549,519.9531442424664
65.0,-1.1476626279477486,0.36882441224866147,0.7733416946447087,-0.4233774902357365,-1.2590027269681512,-0.041607495370393925,1.2281152937809285,1.1259303306340565,-0.4284284347555766,-1.2830854363764423,-0.4311797203495727,-0.4684776507319125,0.4464467833047774,-0.10500150290412151,-0.753264211737142,1.104263067260668,0.1404258674448342,0.4354156527309408,-1.7249854341312671,-2.424264870697286,-1.4375457814444081,-0.4805434256067757,0.5763560176138087,-2.342246870407298,1.5928520643719872,0.1705660267701262,1.3602949929499102,-0.8859700824741287,636.0044696981516
66.0,0.5038599341724908,0.0851959299707875,0.8176863130545542,-0.23379136759971708,0.47321520900758857,1.1021953187712,-0.6511762938917753,0.24224423248964974,-1.8878622372223484,0.7025030190633578,1.9546625434624896,-1.2444360477486953,-0.09138126042794319,0.8804813009141136,0.031417473466550466,0.16509955149322578,-0.39099944152363864,-0.4281522530879146,-0.08669415358537882,0.041671422139356366,-1.1814412615773098,-0.06602198594602875,1.5685339387093264,-0.4191337935889047,-1.2372549828746278,-0.15141606798642662,-0.7146128121242966,-1.3383418253219395,690.5691023848944
67.0,0.13916846173262085,-0.710282037151078,-0.624714166853275,0.153427380385389,-1.5331745953623346,-1.7415696502511249,0.6708721945019316,-1.930833600724083,-0.9766776953073547,-1.7998395353884376,-0.4861364668488323,0.4280587476511656,0.11233794873237668,2.391873389457284,1.0869156177890007,-0.9311578501566012,-1.1970550048264106,2.706687940975501,1.0625720057333625,0.5893696072695719,0.07485181221561789,0.27352156747501716,-1.4820732754824262,0.15703917019676786,0.07123139745901451,-0.9041388431014801,-0.5385264535684787,1.515176393443556,655.2218620925537
68.0,-0.1251749202948624,2.0711713025331107,-1.7406794364873834,-0.5221301862257478,-1.547278551246919,-1.2094224538918343,-0.8282057056592972,0.31530962677059116,0.26682617108038714,-0.6792903196276054,-2.227799557336582,1.4776928730321528,-0.28576471603635617,-1.1162901703011392,0.2749307810700873,0.20444517052317407,-0.3226764649999652,0.14853101564150475,-1.1550298404080184,0.7599128431764837,-0.9968670947568703,-0.6055696553034319,0.6488018161515753,1.2039589650102338,1.5857745680463387,1.0557982384665718,-0.3240721838017819,-1.541033069100463,587.3586193485382
69.0,1.4050555856028935,1.370695988904976,-0.6719761533534957,0.9211890378245602,-0.3321777939307386,1.5012768835117287,-0.514864662403782,1.9786512875485036,0.7861205475982457,1.7975448446859867,-0.46379726964987933,0.405029604444193,-0.9692791983443653,0.8439892521191966,0.8990415328371245,2.3970239182011865,0.4820397972196492,0.7240942025060932,-0.4708303765037819,0.5413793726352387,-0.3798912086875837,0.11586075884199988,0.17451566154579515,-0.35230487334917043,0.0629450965419935,-0.3752951697134206,-0.3797311250338392,1.0766646515022715,156.6831458193143
70.0,0.17541364182641137,0.3470662722002771,-1.4573047689855358,0.4234583318303899,0.5304234639752379,-0.3983386226887527,2.0850296762606915,-2.289227264184065,0.7843671357705466,0.7128048049548623,0.5415829319994119,0.176212705638623,0.5506793226250375,0.8681754795558938,-0.725887583831994,0.2991956221800896,-0.18331684202330392,-1.0937684002255086,0.7171699746132896,-0.5643604246840334,-1.497858674779467,-0.5391106607016489,-0.7988988980931305,1.0284790091901104,0.15319314055807765,1.38238274568994,-0.6665562312330456,0.8741698718964992,211.40592195436892
71.0,2.839622914807913,0.3560324671271402,0.8616488623231527,0.6935176642254062,-1.4220753274258267,0.5858172974674507,0.3064563206495689,-0.2597473833983092,-0.8840363742048806,0.6939832403270371,-0.9724037396106213,2.133645604681897,0.11416908348812836,-1.2233070477865036,-0.5139962783283388,-0.27813433828981726,2.412376653923846,-0.8845889468094964,-0.11621726325138722,-0.5378283698650225,0.4992584855816641,-0.5218834137050443,-1.1390566661397103,-0.1952945797961987,-0.2993938433322431,-0.5922443776240135,-0.5388103588971174,1.184695797881003,260.963797014313
72.0,-0.3197402142675043,-1.1341276624784327,-0.4621159637998562,0.054335659465392594,-1.336269636551354,1.6259779600063986,0.8675794775062721,1.4301727436187792,0.3921281254876826,-2.0936974501301004,1.5353337166385135,-0.8635683597098927,-0.7821867440020989,0.1563251439554436,1.3782298466701495,1.0532871339523997,0.9062811201760208,-0.3118270528745533,-0.32760752609211174,0.3459436679800666,-0.1300708412835327,0.8893179073293531,0.8301176644952266,0.5913413211727055,-2.5259612817693786,0.12798836367726404,-0.10885388073270116,0.16802560175953143,919.7419954304147
73.0,-0.7543246385464069,-1.3247859103992252,0.4631384799750399,-0.35630131773206175,0.5746929937075994,-0.6709143776847711,1.4159106404926767,1.0010648425707633,0.29682710854588035,-0.21328841338594717,0.852408877798197,0.39254781523740595,0.23858418793060485,1.0428654095596086,1.4265361544066402,-1.2524111844855446,-1.0503841073498061,-0.7802607254787978,-1.5024245976435517,-0.06274852556915117,0.6001164552445062,-0.021418294952336624,-0.5341216416128957,1.126457757129158,0.14055640320674964,0.34298296736631834,1.15423480489976,-0.12324193885113374,759.6356967051695
74.0,2.0602140726246803,-0.447815003871766,1.9979482045128998,-0.9747351819124206,0.5174849028804415,-0.6425321688062371,1.1195661169810924,-0.47823260785842847,0.2908711906440859,-0.6505419960415696,0.9372251736666143,-0.6557512606391394,1.683414844742669,-0.9959971069613904,-1.3456279183281468,0.9515520780790863,-0.5916436402635217,-0.007237313449535615,-0.32224115383572083,-1.3126082671526902,-0.076993664138338,1.264915894972302,1.0031370033055655,0.2317927626259248,1.112268293035107,-1.0595185846941766,-0.3254543289050061,0.39580494073020794,553.3139527173413
75.0,-0.1304148268171117,-0.24682333047655725,-1.200643732321095,-2.0813413886427115,0.8178664249496361,0.24322157325222585,0.901998378210093,-0.4372359421583744,-0.712777884827594,0.006547966636634446,0.8541996486128164,-0.23145221498765425,0.8017851843284858,-1.0063080055930869,-0.1614471331698672,-0.07011414407803107,1.22638994392192,0.2076273980159083,1.746077518294195,-1.3476847999474826,0.12991890441127968,0.1793980391804458,0.6200931975868672,-0.8133599364488912,1.684446339410836,0.012963941471759196,-1.087067512934918,-0.01602499041361854,252.80487161550278
76.0,-0.31316152288011356,2.783235142247329,1.0499435995250135,0.049661355708217385,-0.11191668519920464,0.951056862481465,0.9988621603282145,-2.911549919320649,0.6429931547333338,0.02796654397862666,-1.3111438217869762,0.8802141396241769,2.2461880135582653,0.5567959468277808,1.1004284422568642,1.8041190919644037,-0.8302621507200517,-1.8575714451669172,0.6568660633095018,-0.24761153644145104,-1.374173452371543,-0.0781699361357932,0.7275473737906202,-0.14897166476435994,-0.7868276307350374,-0.22350706029651027,-0.019476465301345502,-1.9294822626260821,111.780631720927
77.0,-0.14277495317069325,-1.3443404721448917,0.6590259520210962,-1.561042575586778,1.0126922045509361,-0.40916506921394147,-0.5429757067720121,0.29445459730197204,-0.866034445223392,0.2787457541300641,-0.7321087746883707,-0.5567345123247693,0.4053541693291353,-1.1385807337343827,-1.264337301762357,0.24822550741034183,-0.026899852489384587,0.168692744809392,0.3276392367214207,0.05737555380698128,0.6080926239670689,0.09743628697865848,-2.007303899675303,-1.7478845946618555,1.9279491802420827,7.186705886302617e-05,0.9502416517170968,-0.3457039056270759,898.8604667539947
78.0,-0.05801509439393041,-0.4533646542708436,2.465927331461365,0.2532424223641424,-0.5348579055061975,-1.6515397134301908,1.9737334427358522,-0.16327838522830335,0.7442291195615972,0.8559972903065459,-0.46283052343037057,0.672452775386156,-0.6041382867516175,-0.9904263620394158,1.1644646925122124,-0.15818937982219936,0.5185128336026553,0.41092099388177106,0.637931960055289,-1.5565369342016249,-0.5852905313163699,-0.32447515749642497,-0.8314786729014906,0.4290068480163878,1.1868930775958975,1.3451846553462978,-0.33920476520988363,0.2919658624579071,892.7733498070942
79.0,0.44564350449009926,0.6212560942035293,-0.8781350730726438,1.820580268264966,0.9265201843464447,0.952649343692441,1.2034600569003968,0.5341359422659844,-1.0273134230509724,-0.13897273155510673,-1.6510533950619155,0.4150725096990842,-0.16921365816554673,-0.04052238352693171,1.2040011300856512,-0.4569940385564593,-0.25212315877207636,0.02197329596321629,-1.8399922494136325,-0.2660636557620032,-2.4857949122861833,-0.5855215618957392,0.8551890533928274,0.44726655825106904,-0.5948203104540761,0.040798218223812355,-1.0749895671304055,-0.0023434031495201645,111.58490009999585
80.0,2.93032028549251,1.8458013203719315,0.05262213001726112,0.16014416491537442,-0.979565314634551,-0.8017891079510504,0.3621843221046941,-0.524892565636485,0.904149594851582,1.569685680977757,0.33262078478103885,0.10173720583992668,-1.6807796249106517,0.74761024527205,-1.1436713015390583,-0.41800912863341977,0.959575892385135,1.029758164309032,-0.4665075273501172,-0.4089155349199863,-0.6993188732566719,-1.1978537453259108,-0.6347954821042419,-1.6131300189146887,0.6830625815082649,0.39452360516187573,0.5605292848705127,-0.9544040505751428,797.4194494303996
81.0,-1.1950705635150563,0.053514274313560234,0.06410256495022532,-0.14726982751294532,-0.28948326918784945,1.7107757776943866,0.4260250117929784,1.970678391466491,1.2689650254316334,1.703270926017345,-1.074462766356002,0.5931709909980298,-0.431765488993373,-1.6633867113595329,1.4960031695555258,-0.29369252570562915,-1.0551016302666845,-0.41456386324869343,-0.7962241227738193,-0.6936979676166672,-0.2216033901826495,1.730815193044743,-0.6663172165446257,1.6592706642191906,0.8488367959795216,0.39627156358608606,0.748120032251875,0.013655663837457525,447.1984242406027
82.0,1.286050103863426,0.5669802632671008,-1.664665985025513,0.29625193188996507,0.7839731429926151,-0.28900121860121725,0.1262558727139327,-0.6128579946744072,-1.3776256560635605,-1.55037687093124,-1.5370679870688635,0.6690447424705321,-2.4902817083763287,-0.6664799269634811,-0.7656532852453778,-0.2821595359874645,-1.8564315499362027,0.40388809474061865,-1.273161394159899,1.132405540709269,-0.6217656875888323,-0.09561302341192035,0.003773856555206271,0.244241052860572,0.03701437749614225,-0.4271105487326319,0.3430485306940432,0.4661471304949542,324.6429658977096
83.0,-0.7651346671096204,0.426367818973557,1.191720302401696,0.7058941961045526,0.9323752416471873,0.1719208489074455,-0.9361504460748792,-0.8096444597036451,0.31988796785441165,0.9427637251523103,2.7859119139940556,0.9818219444386037,-1.170435757497502,-0.7672725723599824,2.2785173159559986,-0.21438893197677833,0.047514634761288484,-0.9604169204092289,1.5651034055742439,0.5003332073206254,-0.7746013478853117,-0.9938252888572713,0.3072039458978721,0.04420617488045252,0.8321102172211272,0.5469684731271998,-0.2644803487686226,-0.5438015954613664,739.3654316724985
84.0,-0.15994214829883396,-0.5506808466567625,-0.1301955328047618,0.016440928619381696,-0.897930893380057,0.6306798620978803,-0.3704277144696703,-0.8418843502853434,-0.35160742828186803,0.24225815662028627,0.08303819981330346,0.4221181149044621,0.898346125075529,1.3049402040080331,0.2854861626880532,-1.0694023872354967,-0.26911080253030073,-1.0043183843830081,1.6968540737122817,1.9874008825271634,0.6503111974963428,0.8584588426390306,0.25094319323665915,0.36605591546079125,-1.5974542183291225,-0.07393236525691027,-0.8811530623462598,0.2813565375383702,614.7152115196699
85.0,-0.0596098453885342,1.9468219623461143,0.9166276887228414,0.2845119825216449,-0.266939687139626,1.67602145875993,-0.029954646126529795,0.3316739616352774,0.042249604426835,-0.4041539057073227,0.03650622238552014,-1.9619668506783159,-1.5477064012411874,0.34963054166962754,1.5681996905274862,0.34822110414416885,-0.7203688548966539,-1.4428537540673354,0.7845272604756386,-0.567195151015101,0.64323541855256,0.38986515806571725,0.47830039225468934,0.03360170735355592,0.38364438496964126,-0.1194544012563351,-0.6353065343682036,-0.9634990605160515,780.250077485744
86.0,-2.3850087979709786,-0.18110956240450954,1.5193781829519528,0.7300800925375973,0.2277091184759583,-0.734004994289151,0.9973392257590772,-0.1193093118030249,1.5749343137890586,-0.9810872632946813,-0.7499695279726564,-0.8472699442196283,-1.482118370434013,-0.9370446851917625,0.10321625976591761,-0.7122010248506275,-3.856375329240597,1.0742732974201217,-1.6840937293474054,0.589228284886637,0.031214589669564773,2.1173728164203425,0.9969574815226198,-0.5046045954849743,-0.702063562355312,1.5027276807992853,-1.4758710971014117,0.19087993591870805,75.25453177230415
87.0,-0.131120463249672,-0.34322606870467587,0.3535139844484254,0.18955986050867568,0.45740074279174425,0.13897565236328388,0.41768140501724765,0.09336519293159469,-0.6594268872163145,0.004001260236595398,-0.71438655970402,-0.7803766047308504,-0.3361500027177518,-0.11942316073584242,0.03522530634781082,0.9163788273633305,-0.4984640825408434,0.1968519264748205,0.11802771394381888,-0.6086282874660651,0.0737407862065449,1.0027214151773134,0.18650621688339988,0.22658392902730776,-0.7053283309426673,1.9688588512048761,-0.6483563703225012,-1.667783460547478,319.26843293749897
88.0,0.8601841202180764,-0.11481703964842598,-0.3030418209470751,-0.5455537804115271,1.871714624315838,0.3545902786046827,0.5497512216450848,0.16261562358226733,0.27004961344519623,1.3986246105594142,-0.250854661227695,-1.4569375455207298,0.8680546542277768,0.496701612242392,0.10797981288504269,0.4707532415477864,-0.3707442202941741,0.020692582854259692,-0.13170025385990994,-0.5914882570709169,1.1891727831050025,-1.4122586274178004,2.3608821718129667,0.8773622092064753,-1.777975534702351,-0.2241663294909295,-0.16854591590355783,0.39188662894211224,319.997533566319
89.0,-0.9893782707397202,0.03202534336821736,-0.12111939812264694,-0.7376183625734388,-0.8767522314712319,0.9188046467023571,-1.6965825400425936,0.47787893609605137,0.7975103068781241,-0.21855833833841642,0.05237283972499601,1.1634949996973813,-0.7048515107240569,-0.601652428889124,-0.49548368109930824,1.1653255992232814,1.2922937468847076,-1.395890234463619,1.0062407473116368,0.818908306347284,1.5535948104498276,0.3851080321263795,-0.04426012027857669,1.1452166865716589,0.6989037915017654,2.2448984141487265,0.9587078449618279,0.1535479764239154,330.42333919547775
90.0,-1.1741043803761713,-0.5809171771941184,-1.435954978028016,-0.21506203606086322,0.9260675932328454,-0.003671088480515556,1.0217252687600726,0.3375737334390134,-0.4030922897540097,0.0876251551699639,0.4720966910550961,0.1392233984636159,0.15068422885191396,-0.7690501075867064,-0.432976265242216,2.2584607961546443,1.2284664904235425,-1.4738408968097159,-2.3669689575063617,0.07619242144872226,0.8934728944259902,-0.5199418374222072,1.021658728197938,0.059654565007084104,-0.16306127972697482,0.7561151761751815,-0.5318757929022689,-0.2867063218036532,502.97739277116165
91.0,0.670167262130463,-0.03139593706602425,1.9087762733777363,0.6938254128560184,0.6288138283327617,-0.04950464606506815,0.8747546767096062,-0.3226077728016462,0.28237775119951514,-0.9162930470045603,1.0394413922305916,0.29060469726179183,1.9825130636978765,2.392298383669758,0.7633194514331476,0.06842531120790343,-0.9460645121255687,0.9047498032588243,0.21028456389522832,0.5380348391544619,1.7297873874562433,-0.8244232886633468,-0.9243041684813366,-0.23642593837068013,0.8212011497518233,0.5548672402144881,-0.8956885116957725,0.7565529007024825,283.7307892778664
92.0,-1.201212818893263,-0.8377416743488576,-0.11545731718918939,-0.5534312459752199,0.8898594886509348,0.2863784830010945,1.7655611776272604,-0.24718536535441432,-0.1222021510407434,1.210382609061763,-0.09092080312379561,1.494005247707546,0.5408282103844916,-2.352786469885359,1.1775704141494638,0.9127268131198085,0.9513326061105448,-1.910978378545258,-0.6629899612710476,-0.5887048335567698,-0.8411213675603924,1.7419225318939382,-0.011767837823633949,-0.03656094262917065,0.5520083103157787,0.5693016678893817,-3.3348927106258297,-0.6463575371493634,444.93922647743216
93.0,-1.4127885777912768,0.40030609315481963,-0.2888924143340474,0.01538756450126866,-2.078519748890523,-0.3098522246904981,1.1151302518328157,1.4094494831021678,0.7188634195406998,-1.3354652934481188,1.259401802992124,0.7240022550000159,-0.11718903406453861,-2.025036314509744,0.953594950662517,-0.5921663299833791,0.34616582105478094,0.06839386063666252,1.5383949844382783,-0.12536698599750856,-0.015113590085947847,1.5786153904786304,-0.6582222437501886,0.814322851407777,-0.19861572287846407,-1.0025419620049294,0.0011609867208726128,0.6917051136079876,368.4098155223004
94.0,1.3537098399765113,1.4746939853456824,-0.29476407422553264,-0.9872492320322136,-0.3187388995774793,-1.1815307533301556,-0.21738619941650508,-0.3416652836197584,0.7274902041567654,-2.2059351799143783,-0.7336079460866397,-0.7255183044419155,1.1871272524080254,-1.113844377401017,0.22665735964899383,-0.12812841441978132,1.0430425268363819,0.5958318645105473,0.1212437318203795,-0.5546668745880683,-1.8523425031098761,0.24708565568740534,0.5304897985298729,-1.5748676124746532,-1.2336941643285493,0.2523299733716759,0.33914168620787005,-0.9906473100920593,735.5607519724908
95.0,-0.5740647135680381,-1.8364888385704266,1.3772639038132337,-1.2998744073684523,0.5422593912485507,-0.03496069615338034,1.289593619624759,-0.7922540927747564,0.0612527103403872,-1.69842690923735,-1.9385268369397537,0.5963335838654739,-1.785025839069702,-0.22821753443453083,1.0112954479729197,0.7466848560946794,-0.6645854879485937,-1.5885031364081725,0.5094948616555286,1.3422567828601808,-0.6622380786656235,-0.8033128584071165,-0.5249019628689983,0.5716087108071154,1.228517606414913,-1.2396068113805225,-1.498281809324653,2.339996321932448,603.8972948793751
96.0,-0.17732278789003889,0.25289279569030987,-0.691930840617639,0.489962309452716,0.9600608747015225,0.2997961715729297,1.7408580770144346,-0.3267445899410919,-0.26288247303537643,0.23140635127741582,0.46496164550609703,0.22794726206260926,-1.284415026955091,0.31251516619556136,-0.3741735848034372,-0.5809770140746455,0.03248205475324366,-0.9615226873292143,-1.1353913238732314,-2.6154689600038497,1.7472373285098912,0.5557313191030023,-0.11676412130630513,-0.6672232368866481,-2.876032282046417,-0.7285288762214843,0.7158663371640762,0.9421743035938688,653.9758028849981
97.0,0.6422919936033016,0.15839195575246848,1.303874145931379,-0.32853722208854036,1.0851889161343613,-0.38458244372021294,-0.8811413088777623,-1.005712980422521,-1.0644964211729528,0.6590680288024853,-0.7427455710970785,-1.0330288450349439,0.71373521966136,0.3279703904722328,0.962591982845802,0.5125995112727985,-0.7531115801973117,0.07610241646858744,0.12513299076967724,-0.9191586584740024,-1.1046249740939926,-0.6807216091177045,2.0365823566720804,-0.4127440942215489,1.2328667913867144,-0.4686605094797979,0.8888388195399922,0.9024916555578473,211.3733101885618
98.0,0.9525905079520445,0.38782734200895846,1.3773665787811513,0.37835396935272786,1.7135297293402796,-1.6199198031884334,0.3482862476668184,0.28332359253566647,-0.9365198458054912,0.5795842217637382,-1.490082675576618,-0.6541843257603286,-1.9990878128978078,1.5586265169628146,-0.23154949394529548,2.1668840348163116,0.802949926519495,0.44809821335102445,-0.5862276942809992,-1.0463500356874198,0.5229715738969453,-0.07151400927298215,-1.339270315485301,-1.5168584165083185,-0.9587037291435838,1.8209672252662306,2.213277918011304,0.20498914730890982,326.1766631615625
99.0,0.1489427962412884,-0.33632037182952107,-0.9344853483095023,1.375179057607244,1.873576393897136,-0.8934190858392855,-0.08283837842460157,-0.4498663007101679,-0.4202390748649771,1.1859082554298621,-1.3119615453661218,0.46646969093630625,0.7282381073058656,-0.14215117360181917,0.8930678269867728,0.14765184053745017,1.2171299211561122,-1.5222053049258542,-0.3487752610068693,-0.0718131428510346,-2.672207384471349,-1.0859527335785348,-0.8135992543587863,0.9482059948233497,-0.7068433463146007,-0.8180789873059773,0.8174857806561917,-1.6179106457900545,22.14428216446221
100.0,-2.071244067443572,-0.36159230006934645,-1.4477067680783553,-1.409679294659649,0.5734337916879819,0.8759738379125791,0.7888642158521251,1.1087766603072329,1.2411343200148017,-2.128590208826931,0.4504119599294666,-0.5296081995695587,-0.7474242459904361,0.5604146322087054,-1.7302954798957517,-1.75110860587232,0.6335727440817172,0.4877860175108979,0.13673265587151023,-0.8799134047231368,0.7438296345821243,0.6803028920604759,0.08530451504745419,-1.1773210412697714,-0.42524834572950676,0.8378336775244427,1.3271912228017868,-0.32653660337632845,109.26633258587673
